experiment_id,date,status,git_commit,contract_version,eval_version,ranking_version,dataset_version,split_version,seed,model_name,config_path,pretrained_weight,checkpoint_checksum,evaluation_scope,input_size,tile_size,tile_overlap,operating_point,score_threshold,threshold_stage,overall_recall,overall_fdr,overall_macro_recall,overall_macro_fdr,ship_recall,ship_fdr,ship_macro_recall,ship_macro_fdr,aircraft_recall,aircraft_fdr,aircraft_macro_recall,aircraft_macro_fdr,vehicle_recall,vehicle_fdr,latency_p50,latency_p95,peak_vram,artifact_ref,notes
P40-RECALL-CALIBRATION-V1-hard,2026-09-04,complete_stopped_hard,,p40_recall_calibration_v1,platform_observed_20260831,platform_confirmed_absolute_score_v2026_08_31,official_4481_sha_locked,cv3_airport_proxy_k60_v2,42,YOLO26-s-P40-lower-only-fine-threshold,configs/experiments/p40_recall_calibration_v1.json,,,fixed_proxy_lite_hard_cv3,1280,1024,256,normal_other2fold_lower_only_macro_shrink,f0_QHS_Vehicle=.541;others inherited,post_inference_normal_only,0.6691380908248378,0.14454976303317535,0.48556218197540635,0.16211417214545912,,,0.4267734429057545,0.0704195319579935,,,0.8016522334552472,0.1527650897415418,0.22826086956521738,0.2631578947368421,,,,reports/experiments/p40_recall_results_20260904/calibration_hard.json,"quality +0.016214 <0.5; QHS +1TP, Vehicle unchanged; no Sentinel/full/Docker/submission; independent aircraft candidate preserved"
P40-WEAK-RFS-V1,2026-09-04,complete_stopped_hard,,p40_weak_rfs_v1,platform_observed_20260831,platform_confirmed_absolute_score_v2026_08_31,official_4481_sha_locked,cv3_airport_proxy_k60_v2,42,YOLO26-s-P40-capped-weak-image-sampling,configs/experiments/p40_weak_rfs_v1.json,same_S1024_40e_fold_sources_as_P40,b2c486d2f424db6bc4810e6f1d083a4a5ce728acc192cba5f26a2d723d93cdd1|d69e5dd708c07e9e82801427299e9c47013887e0c31fef1411683c3c4946daf5|425485389626abcc88f01e350a2a3ccbf3f9cdaba0c6289922b5f87cb666fa40,fixed_proxy_lite_hard_cv3,1280,1024,256,candidate_normal_other2fold_fdr15,0.471|0.451|0.446,post_inference_normal_only,0.6853568118628359,0.15822424587364825,0.5266528969040092,0.20380318325827126,0.6121593291404612,0.16212338593974174,0.510317042808441,0.10653062416068196,0.8294117647058824,0.1437246963562753,0.8033373000774995,0.1854344811696874,0.266304347826087,0.3194444444444444,,,,outputs/P40-SHIP-VEHICLE-RECALL-20260904/P40-WEAK-RFS-V1/result_summary.json,"Hard quality -1.308932; recall gains came with FDR cost and candidate thresholds 0.055-0.075 lower; Sentinel/full/Docker/submission not run; at incumbent thresholds diagnostic quality +0.039968 only; proceed to one targeted EQLv2 single factor"
P40-WEAK-EQLV2-V1,2026-09-04,complete_stopped_hard,,p40_weak_eqlv2_v1,platform_observed_20260831,platform_confirmed_absolute_score_v2026_08_31,official_4481_sha_locked,cv3_airport_proxy_k60_v2,42,YOLO26-s-P40-targeted-EQLv2,configs/experiments/p40_weak_eqlv2_v1.json,same_S1024_40e_fold_sources_as_P40,1fa43a32e017ecab9a8a068965b7023647dc52d97b64f3748b3a54403104c4b1|04dc4ed9704d4725996a5c08665c8451ba29b2c7f1e3ecece8d4ec9e825e2ed2|3ce7be35f3b686c64edf054bd0e14aa02be63afaaebae369fb88744f981ec102,fixed_proxy_lite_hard_cv3,1280,1024,256,candidate_normal_other2fold_fdr15,0.546|0.556|0.531,post_inference_normal_only,0.6668211306765524,0.1408955223880597,0.4708750440888463,0.18641674147177487,0.5838574423480084,0.15477996965098634,0.397500971554772,0.06818310417020314,0.8264705882352941,0.11820083682008369,0.8031676389726365,0.14106712024512144,0.21195652173913043,0.35,,,,outputs/P40-SHIP-VEHICLE-RECALL-20260904/P40-WEAK-EQLV2-V1/result_summary.json,"Normal gate Recall +1.501pp but Hard quality -0.960428; Ship macro Recall -2.819pp and Vehicle Recall -1.630pp/FDR +8.684pp; fixed baseline-threshold diagnostic also negative; Sentinel/full/Docker/submission not run; stop RFS/EQL/EFL family"
P40-AIRCRAFT-CONSISTENCY-NORMAL-V1-normal_diagnostic,2026-09-04,diagnostic_only,,p40_aircraft_consistency_normal_v1,platform_observed_20260831,platform_confirmed_absolute_score_v2026_08_31,official_4481_sha_locked,cv3_airport_proxy_k60_v2,42,YOLO26-s-P40-R1-5-view-consistency-D4,configs/experiments/p40_aircraft_consistency_normal_v1.json,,,normal_diagnostic_heldout_cached_P40_40plus40,1280,,,inherited_Normal_OOF_FDR15_control,0.546|0.516|0.501,post_inference_fixed,0.8577843596235609,0.04311217692512657,0.5270482218598457,0.1405155160455302,0.6461595824011931,0.12119675456389452,0.3763923580720443,0.15218633385112573,0.9014510616841279,0.031889290012033694,0.8739065363632139,0.03814634145309493,0.3308457711442786,0.23121387283236994,,,,reports/experiments/p40_view_results_20260903/consistency_normal_diagnostic.json,Normal diagnostic only; not extra gate; +434TP -438FP vs NMS-only; quality delta+2.174085 vs NMS and+0.125276 vs CE-D4; 20 aircraft fine classes no TP loss or FP increase; no full/Docker/submission; research40+40 != deployed160+40
P40-VEHICLE-ZOOM-RESCUE-V1-hard,2026-09-03,complete_stopped_hard,,p40_vehicle_zoom_rescue_v1,platform_observed_20260831,platform_confirmed_absolute_score_v2026_08_31,frozen_pseudo100mp_600_source_hard,cv3_airport_proxy_k60_v2,42,YOLO26-s-P40-zoom_hard,configs/experiments/p40_vehicle_zoom_rescue_v1.json,,,hard_heldout_cached_P40_40plus40,1280,1024,256,inherited_Normal_OOF_FDR15_control,0.546|0.516|0.501,post_inference_fixed,0.6765523632993512,0.15066899360093078,0.5159969645841019,0.18681571023721433,0.5838574423480084,0.1573373676248109,0.4256864863840153,0.07060338928470797,0.8274509803921568,0.12899896800825594,0.8016522334552472,0.1527650897415418,0.32065217391304346,0.33707865168539325,,,,reports/experiments/p40_view_results_20260903/zoom_hard.json,"no new training/full/Docker/submission; quality excludes time; overall_macro fields are platform coarse-mean gates; research40+40 != deployed160+40; review={""stage"":""hard"",""baseline_quality_contribution"":44.76252405719877,""candidate_quality_contribution"":44.90219296566926,""delta_quality"":0.1396689084704903,""minimum_exclusive"":0.5,""direction_pass"":false,""next_action"":""stop_fixed_recipe"",""formal_admission"":false,""quality_excludes_latency"":true,""not_an_official_score_prediction"":true}"
P40-ROT90-COMPLEMENT-V1-hard,2026-09-03,complete_stopped_hard,,p40_rot90_complement_v1,platform_observed_20260831,platform_confirmed_absolute_score_v2026_08_31,frozen_pseudo100mp_600_source_hard,cv3_airport_proxy_k60_v2,42,YOLO26-s-P40-rot90_hard,configs/experiments/p40_rot90_complement_v1.json,,,hard_heldout_cached_P40_40plus40,1280,1024,256,inherited_Normal_OOF_FDR15_control,0.546|0.516|0.501,post_inference_fixed,0.7242817423540315,0.1725780836421387,0.5439983463232805,0.22941042828556577,0.6540880503144654,0.17894736842105263,0.509394539704205,0.16813879007165516,0.8715686274509804,0.1557454890788224,0.8508613688308537,0.17798723162714739,0.2717391304347826,0.34210526315789475,,,,reports/experiments/p40_view_results_20260903/rot90_hard.json,"no new training/full/Docker/submission; quality excludes time; overall_macro fields are platform coarse-mean gates; research40+40 != deployed160+40; review={""stage"":""hard"",""baseline_quality_contribution"":44.76252405719877,""candidate_quality_contribution"":42.212206654602895,""delta_quality"":-2.550317402595873,""minimum_exclusive"":0.5,""direction_pass"":false,""next_action"":""stop_fixed_recipe"",""formal_admission"":false,""quality_excludes_latency"":true,""not_an_official_score_prediction"":true}"
P40-ROT90-SUPPORTED-RESCUE-V1-hard,2026-09-03,complete_stopped_hard,,p40_rot90_supported_rescue_v1,platform_observed_20260831,platform_confirmed_absolute_score_v2026_08_31,frozen_pseudo100mp_600_source_hard,cv3_airport_proxy_k60_v2,42,YOLO26-s-P40-supported_hard,configs/experiments/p40_rot90_supported_rescue_v1.json,,,hard_heldout_cached_P40_40plus40,1280,1024,256,inherited_Normal_OOF_FDR15_control,0.546|0.516|0.501,post_inference_fixed,0.6714550509731233,0.1446280991735537,0.48591928759525826,0.1662410111047373,0.590146750524109,0.15592203898050974,0.4278447597653103,0.0700958746071528,0.8274509803921568,0.12899896800825594,0.8016522334552472,0.1527650897415418,0.22826086956521738,0.27586206896551724,,,,reports/experiments/p40_view_results_20260903/supported_hard.json,"no new training/full/Docker/submission; quality excludes time; overall_macro fields are platform coarse-mean gates; research40+40 != deployed160+40; review={""stage"":""hard"",""baseline_quality_contribution"":44.76252405719877,""candidate_quality_contribution"":44.662672425431374,""delta_quality"":-0.0998516317673932,""minimum_exclusive"":0.5,""direction_pass"":false,""next_action"":""stop_fixed_recipe"",""formal_admission"":false,""quality_excludes_latency"":true,""not_an_official_score_prediction"":true}"
P40-AIRCRAFT-CE-D4-V1-hard,2026-09-03,positive_direction_not_deployed,,p40_aircraft_ce_d4_v1,platform_observed_20260831,platform_confirmed_absolute_score_v2026_08_31,frozen_pseudo100mp_600_source_hard,cv3_airport_proxy_k60_v2,42,YOLO26-s-P40-d4_hard,configs/experiments/p40_aircraft_ce_d4_v1.json,,,hard_heldout_cached_P40_40plus40,1280,1024,256,inherited_Normal_OOF_FDR15_control,0.546|0.516|0.501,post_inference_fixed,0.6946246524559777,0.10614192009540847,0.5016065106953466,0.13569728631310787,0.5838574423480084,0.1573373676248109,0.4256864863840153,0.07060338928470797,0.8823529411764706,0.061522419186652764,0.8508721761368072,0.07333057491777362,0.22826086956521738,0.2631578947368421,,,,reports/experiments/p40_view_results_20260903/d4_hard.json,"no new training/full/Docker/submission; quality excludes time; overall_macro fields are platform coarse-mean gates; research40+40 != deployed160+40; review={""stage"":""hard"",""baseline_quality_contribution"":44.78844153594643,""candidate_quality_contribution"":47.552847884157096,""delta_quality"":2.764406348210663,""minimum_exclusive"":0.5,""direction_pass"":true,""next_action"":""evaluate_frozen_sentinel"",""formal_admission"":false,""quality_excludes_latency"":true,""not_an_official_score_prediction"":true}"
P40-AIRCRAFT-CE-D4-V1-sentinel,2026-09-03,positive_direction_not_deployed,,p40_aircraft_ce_d4_v1,platform_observed_20260831,platform_confirmed_absolute_score_v2026_08_31,frozen_pseudo100mp_600_source_sentinel,cv3_airport_proxy_k60_v2,42,YOLO26-s-P40-d4_sentinel,configs/experiments/p40_aircraft_ce_d4_v1.json,,,sentinel_heldout_cached_P40_40plus40,1280,1024,256,inherited_Normal_OOF_FDR15_control,0.546|0.516|0.501,post_inference_fixed,0.7110208227526663,0.09851899549259498,0.5275570208476102,0.11830819041582324,0.5959271168274384,0.1271585557299843,0.33871200221502207,0.07450468949442256,0.897025171624714,0.06777645659928656,0.8735886899574382,0.08041988175304716,0.37037037037037035,0.2,,,,reports/experiments/p40_view_results_20260903/d4_sentinel.json,"no new training/full/Docker/submission; quality excludes time; overall_macro fields are platform coarse-mean gates; research40+40 != deployed160+40; review={""stage"":""sentinel"",""baseline_quality_contribution"":46.951914711924964,""candidate_quality_contribution"":49.33689663306551,""delta_quality"":2.384981921140543,""minimum_exclusive"":0.0,""direction_pass"":true,""next_action"":""review_deployment_cost_and_risk"",""formal_admission"":false,""quality_excludes_latency"":true,""not_an_official_score_prediction"":true}"
P40-AIRCRAFT-CE-D4-V1-normal_diagnostic,2026-09-03,diagnostic_only,,p40_aircraft_ce_d4_v1,platform_observed_20260831,platform_confirmed_absolute_score_v2026_08_31,official_4481_sha_locked,cv3_airport_proxy_k60_v2,42,YOLO26-s-P40-d4_normal_diagnostic,configs/experiments/p40_aircraft_ce_d4_v1.json,,,normal_diagnostic_heldout_cached_P40_40plus40,1280,,,inherited_Normal_OOF_FDR15_control,0.546|0.516|0.501,post_inference_fixed,0.8569722447809679,0.044069061067888736,0.5266407953032308,0.14143383703525417,0.6461595824011931,0.12119675456389452,0.3763923580720443,0.15218633385112573,0.9004986273740826,0.032970338728115035,0.8726842566933695,0.040901304422266846,0.3308457711442786,0.23121387283236994,,,,reports/experiments/p40_view_results_20260903/d4_normal_diagnostic.json,"no new training/full/Docker/submission; quality excludes time; overall_macro fields are platform coarse-mean gates; research40+40 != deployed160+40; review={""next_action"":""record_normal_diagnostic_not_an_additional_gate"",""formal_admission"":false}"
P40-AIRCRAFT-CE-IDENTITY-V1-hard,2026-09-03,positive_direction_not_deployed,,p40_aircraft_ce_identity_v1,platform_observed_20260831,platform_confirmed_absolute_score_v2026_08_31,frozen_pseudo100mp_600_source_hard,cv3_airport_proxy_k60_v2,42,YOLO26-s-P40-identity_hard,configs/experiments/p40_aircraft_ce_identity_v1.json,,,hard_heldout_cached_P40_40plus40,1280,1024,256,inherited_Normal_OOF_FDR15_control,0.546|0.516|0.501,post_inference_fixed,0.6932344763670065,0.10526315789473684,0.4985220649261218,0.13577022550295226,0.5838574423480084,0.1573373676248109,0.4256864863840153,0.07060338928470797,0.8794117647058823,0.059748427672955975,0.8416188388291328,0.07354939248730674,0.22826086956521738,0.2631578947368421,,,,reports/experiments/p40_view_results_20260903/identity_hard.json,"no new training/full/Docker/submission; quality excludes time; overall_macro fields are platform coarse-mean gates; research40+40 != deployed160+40; review={""stage"":""hard"",""baseline_quality_contribution"":44.78844153594643,""candidate_quality_contribution"":47.42885428503962,""delta_quality"":2.640412749093187,""minimum_exclusive"":0.5,""direction_pass"":true,""next_action"":""evaluate_frozen_sentinel"",""formal_admission"":false,""quality_excludes_latency"":true,""not_an_official_score_prediction"":true}"
P40-AIRCRAFT-CE-IDENTITY-V1-sentinel,2026-09-03,positive_direction_not_deployed,,p40_aircraft_ce_identity_v1,platform_observed_20260831,platform_confirmed_absolute_score_v2026_08_31,frozen_pseudo100mp_600_source_sentinel,cv3_airport_proxy_k60_v2,42,YOLO26-s-P40-identity_sentinel,configs/experiments/p40_aircraft_ce_identity_v1.json,,,sentinel_heldout_cached_P40_40plus40,1280,1024,256,inherited_Normal_OOF_FDR15_control,0.546|0.516|0.501,post_inference_fixed,0.7115286947689182,0.09671179883945841,0.5290516589981392,0.11727031980859932,0.5959271168274384,0.1271585557299843,0.33871200221502207,0.07450468949442256,0.8981693363844394,0.06436233611442194,0.8780726044090251,0.07730626993137543,0.37037037037037035,0.2,,,,reports/experiments/p40_view_results_20260903/identity_sentinel.json,"no new training/full/Docker/submission; quality excludes time; overall_macro fields are platform coarse-mean gates; research40+40 != deployed160+40; review={""stage"":""sentinel"",""baseline_quality_contribution"":46.951914711924964,""candidate_quality_contribution"":49.59667275945943,""delta_quality"":2.6447580475344665,""minimum_exclusive"":0.0,""direction_pass"":true,""next_action"":""review_deployment_cost_and_risk"",""formal_admission"":false,""quality_excludes_latency"":true,""not_an_official_score_prediction"":true}"
P40-AIRCRAFT-VIEW-CONSISTENCY-V1-hard,2026-09-04,positive_direction_not_deployed,,p40_aircraft_view_consistency_v1,platform_observed_20260831,platform_confirmed_absolute_score_v2026_08_31,frozen_pseudo100mp_600_source_hard,cv3_airport_proxy_k60_v2,42,YOLO26-s-P40-consistency_hard,configs/experiments/p40_aircraft_view_consistency_v1.json,,,hard_heldout_cached_P40_40plus40,1280,1024,256,inherited_Normal_OOF_FDR15_control,0.546|0.516|0.501,post_inference_fixed,0.6978683966635774,0.10143198090692124,0.5049332564133967,0.13340493460799827,0.5838574423480084,0.1573373676248109,0.4256864863840153,0.07060338928470797,0.8892156862745098,0.05323590814196242,0.8608524132909574,0.06645351980244471,0.22826086956521738,0.2631578947368421,,,,reports/experiments/p40_view_results_20260903/consistency_hard.json,"no new training/full/Docker/submission; quality excludes time; overall_macro fields are platform coarse-mean gates; research40+40 != deployed160+40; review={""stage"":""hard"",""baseline_quality_contribution"":47.552847884157096,""candidate_quality_contribution"":48.129534683800784,""delta_quality"":0.5766867996436886,""minimum_exclusive"":0.5,""direction_pass"":true,""next_action"":""evaluate_frozen_sentinel"",""formal_admission"":false,""quality_excludes_latency"":true,""not_an_official_score_prediction"":true}"
P40-AIRCRAFT-VIEW-CONSISTENCY-V1-sentinel,2026-09-04,positive_direction_not_deployed,,p40_aircraft_view_consistency_v1,platform_observed_20260831,platform_confirmed_absolute_score_v2026_08_31,frozen_pseudo100mp_600_source_sentinel,cv3_airport_proxy_k60_v2,42,YOLO26-s-P40-consistency_sentinel,configs/experiments/p40_aircraft_view_consistency_v1.json,,,sentinel_heldout_cached_P40_40plus40,1280,1024,256,inherited_Normal_OOF_FDR15_control,0.546|0.516|0.501,post_inference_fixed,0.712544438801422,0.09425435765009683,0.5289997890468439,0.1160891061488844,0.5959271168274384,0.1271585557299843,0.33871200221502207,0.07450468949442256,0.9004576659038902,0.05973715651135006,0.8779169945551392,0.07376262895223064,0.37037037037037035,0.2,,,,reports/experiments/p40_view_results_20260903/consistency_sentinel.json,"no new training/full/Docker/submission; quality excludes time; overall_macro fields are platform coarse-mean gates; research40+40 != deployed160+40; review={""stage"":""sentinel"",""baseline_quality_contribution"":49.33689663306551,""candidate_quality_contribution"":49.6919916501441,""delta_quality"":0.3550950170785896,""minimum_exclusive"":0.0,""direction_pass"":true,""next_action"":""review_deployment_cost_and_risk"",""formal_admission"":false,""quality_excludes_latency"":true,""not_an_official_score_prediction"":true}"
PAIRED-P40-BN-TRAINONLY-V1,2026-09-03,complete_rejected_development,,paired_bn_trainonly_v1,platform_observed_20260831,platform_confirmed_absolute_score_v2026_08_31,official_4481_sha_locked,paired_trend_v1,42,YOLO26-s-P40-trainonly-BN,configs/experiments/paired_bn_recalibration_v1.json,PAIRED-TREND-BASELINE-V1/adaptation/last.pt,d790dbe9434026174e2d82a52227480129f7464d9c31424ef8172f0d3e1a9a09,development_only_673_images_no_confirmation,1280,,,development_quality_max,0.506,post_inference,0.8302945301542777,0.08217054263565891,0.814127922409992,0.07611127532492395,0.6741293532338308,0.10561056105610561,0.8336129753914988,0.06053030303030303,0.8702928870292888,0.07883082373782108,0.8367706412675234,0.07776987565535749,0.2833333333333333,0.10526315789473684,,,,reports/experiments/PAIRED_TREND_REFERENCE_AND_BN_RESULT_20260903.md,train3136 once 392x8 BN only; nonBN bitwise equal; A quality delta=-2.961683; all three macro R down FDR up; confirmation and B not run; no full Docker or submission; benchmark direction audit itself failed
E-M1-yolo26s-1024-cv3v2-seed42-t0051-descriptive,2026-07-25,exploratory,,contract_v1,official_eval_v1,official_ranking_v1_6,,cv3_airport_proxy_k60_v2,42,YOLO26-s,,,,cv3_oof_descriptive,1024,,,same_oof_descriptive,0.051,pre_fusion,0.9172,0.1957,0.8665,0.2335,0.8512,0.3828,0.7235,0.5201,0.9338,0.1463,0.9076,0.1571,0.6169,0.6161,,,,outputs/M1-CV3-OOF-return-no-checkpoints.tar.gz,M1 正式三折 OOF 在同一 OOF 上选 t=0.051 的描述性工作点；不是无偏阈值成绩；macro 为 V1.6 完整税表口径；OOF 非 10K，无时延
E-M1-yolo26s-1024-cv3v2-seed42-crossfit,2026-08-10,complete,,contract_v1,official_eval_v1,official_ranking_v1_6,,cv3_airport_proxy_k60_v2,42,YOLO26-s,,,,cv3_oof_crossfit,1024,,,fold_specific_crossfit,0.041|0.071|0.041,pre_fusion,0.9176,0.1990,0.8654466,0.2382542,0.8530947,0.3898667,0.7162031,0.5388671,0.9341700,0.1481992,0.9079706,0.1588517,0.6119403,0.6238532,,,,outputs/N0-CROSSFIT-M1-v2/crossfit_result.json,cross-fit pooled 无偏基线与完整 V1.6 4/20/1 macro 已重算；fold0/2 FDR=0.2259/0.2294 仍超线；缺 10K 时延时不参与完整 7 项排名模拟
R1-1-CE-D4-aircraft-only,2026-08-14,complete_iterative_oof_development,,r1_aircraft_refinement_v1,official_eval_v1,official_ranking_v1_6,,cv3_airport_proxy_k60_v2,42,YOLO26-s+C2+ConvNeXt-T-CE-D4,configs/experiments/r1_aircraft_refinement_v1.yaml,fold-specific-P03-fixed30,,cv3_oof_aircraft_conditional,224,,,fold_specific_crossfit,0.041|0.051|0.041,post_C2_aircraft_rerank,0.9301104,0.1460150,0.8912171,0.2009748,0.8385533,0.2987215,0.7176689,0.4777016,0.9513700,0.1102440,0.9406368,0.1293472,0.5970149,0.5266272,,,1.05GiB-object-model,outputs/R1-1-AIRCRAFT-PROPOSAL-REFINEMENT-return/evaluation/ce_d4_result.json,同一正式 OOF 上迭代开发而非最终独立确认；CE+D4 为六条件最强；ship/vehicle 严格旁路；三折32062飞机候选D4约124秒总计
R1-2-class-center-identity,2026-08-14,complete_failed_gate,b35dc84,r1_aircraft_refinement_v1,official_eval_v1,official_ranking_v1_6,,cv3_airport_proxy_k60_v2,42,YOLO26-s+C2+ConvNeXt-T-class-center,configs/experiments/r1_aircraft_class_center_v1.yaml,fold-specific-P03-fixed30,,cv3_oof_aircraft_conditional,224,,,fold_specific_crossfit,0.041|0.061|0.041,post_C2_aircraft_rerank,0.9229446,0.1516269,0.8803326,0.2041489,0.8385533,0.2987215,0.7176689,0.4777016,0.9429660,0.1169002,0.9270312,0.1333144,0.5970149,0.5266272,,,1.05GiB-object-model,outputs/R1-2-AIRCRAFT-CLASS-CENTER-return/evaluation/class_center_identity_result.json,主条件相对CE identity净损失74TP且macro Recall下降0.00593；class-center+D4也不及CE+D4；停止类中心
R1-4-structured-attribute-d4,2026-08-14,complete_no_admission,0bd66d0,r1_aircraft_refinement_v1,official_eval_v1,official_ranking_v1_6,,cv3_airport_proxy_k60_v2,42,YOLO26-s+C2+ConvNeXt-T-attribute-D4,configs/experiments/r1_aircraft_structured_attribute_v1.yaml,fold-specific-P03-fixed30,,cv3_oof_aircraft_conditional,224,,,fold_specific_crossfit,0.041|0.051|0.041,post_C2_aircraft_rerank,0.9302059,0.1458900,0.8903653,0.2008794,0.8385533,0.2987215,0.7176689,0.4777016,0.9514819,0.1100922,0.9395721,0.1292276,0.5970149,0.5266272,,,1.05GiB-object-model,outputs/R1-4-AIRCRAFT-STRUCTURED-ATTRIBUTE-formal/evaluation/structured_attribute_d4_result.json,相对CE+D4仅净增2TP并减少3FP但飞机macro Recall下降0.001065；不具独立增益；停止class-derived属性头
R1-6-aircraft-post-rerank-nms,2026-08-14,complete_iterative_oof_candidate,,r1_post_rerank_nms_v1,official_eval_v1,official_ranking_v1_6,,cv3_airport_proxy_k60_v2,42,YOLO26-s+C2+ConvNeXt-T-CE-D4+aircraft-NMS,configs/experiments/r1_post_rerank_nms_v1.yaml,fold-specific-P03-fixed30,,cv3_oof_aircraft_conditional,224,,,fixed_official_aircraft_iou,0.041|0.051|0.041,post_C2_aircraft_rerank_nms_iou0.50,0.9301104,0.1130649,0.8912171,0.1557939,0.8385533,0.2987215,0.7176689,0.4777016,0.9513698,0.0689220,0.9406369,0.0728707,0.5970149,0.5266272,,,,outputs/R1-6-POST-RERANK-NMS/decision.json,固定官方飞机IoU=0.50且仅处理20个飞机细类；TP/FN与Recall完全不变；FP减少847；三个外层held-out fold都确认0.50；仍属同OOF迭代开发
R1-5-view-consistency-d4,2026-08-14,complete_iterative_oof_candidate,,r1_aircraft_refinement_v1,official_eval_v1,official_ranking_v1_6,,cv3_airport_proxy_k60_v2,42,YOLO26-s+C2+ConvNeXt-T-view-consistency-D4,configs/experiments/r1_aircraft_view_consistency_v1.yaml,fold-specific-P03-fixed30,,cv3_oof_aircraft_conditional,224,,,fold_specific_crossfit,0.041|0.051|0.041,post_C2_aircraft_rerank,0.9324989,0.1468904,0.8918031,0.2008173,0.8385533,0.2987215,0.7176689,0.4777016,0.9541711,0.1114415,0.9413693,0.1291500,0.5970149,0.5266272,,,1.05GiB-object-model,outputs/R1-5-AIRCRAFT-VIEW-CONSISTENCY/evaluation/decision.json,双D4视图对称KL固定5epoch；相对CE+D4净增50TP但增加32FP；保留为高召回备选
R1-7-view-consistency-d4-post-nms,2026-08-14,complete_pareto_alternative,,r1_post_rerank_nms_v1,official_eval_v1,official_ranking_v1_6,,cv3_airport_proxy_k60_v2,42,YOLO26-s+C2+ConvNeXt-T-view-consistency-D4+aircraft-NMS,configs/experiments/r1_view_consistency_post_nms_v1.yaml,fold-specific-P03-fixed30,,cv3_oof_aircraft_conditional,224,,,fixed_official_aircraft_iou,0.041|0.051|0.041,post_C2_aircraft_rerank_nms_iou0.50,0.9324989,0.1152608,0.8918031,0.1577971,0.8385533,0.2987215,0.7176689,0.4777016,0.9541711,0.0718295,0.9413693,0.0753747,0.5970149,0.5266272,,,,outputs/R1-7-VIEW-CONSISTENCY-POST-NMS/decision.json,相对R1-6增50TP但增61FP；飞机macro Recall高0.000732但macro FDR差0.002504；只作高召回Pareto备选
R1-8-equal-probability-ensemble-d4,2026-08-14,complete_failed_gate,,r1_aircraft_refinement_v1,official_eval_v1,official_ranking_v1_6,,cv3_airport_proxy_k60_v2,42,YOLO26-s+C2+ConvNeXt-T-equal-ensemble-D4,configs/experiments/r1_equal_probability_ensemble_v1.yaml,fold-specific-P03-fixed30,,cv3_oof_aircraft_conditional,224,,,fold_specific_crossfit,0.041|0.051|0.041,post_C2_aircraft_rerank,0.9303014,0.1467379,0.8885086,0.2003413,0.8385533,0.2987215,0.7176689,0.4777016,0.9515939,0.1111518,0.9372513,0.1285549,0.5970149,0.5266272,,,,outputs/R1-8-EQUAL-PROBABILITY-ENSEMBLE/evaluation/decision.json,固定0.5/0.5概率融合仅净增4TP并增20FP，飞机macro Recall下降0.003386；停止权重搜索
R1-9-ship-vehicle-fixed-official-nms,2026-08-14,complete_failed_gate,,r1_major_post_nms_v1,official_eval_v1,official_ranking_v1_6,,cv3_airport_proxy_k60_v2,42,YOLO26-s+C2+ConvNeXt-T-CE-D4+aircraft-NMS+ship-vehicle-NMS,configs/experiments/r1_major_post_nms_v1.yaml,fold-specific-P03-fixed30,,cv3_oof_fixed_rule_diagnostic,224,,,fixed_official_iou,0.041|0.051|0.041,post_R1-6_ship0.50_vehicle0.35,0.9273396,0.1044060,0.8879151,0.1484298,0.8184191,0.2722149,0.6995191,0.4534753,0.9513698,0.0689220,0.9406369,0.0728707,0.5870647,0.4394299,,,,outputs/R1-9-SHIP-VEHICLE-POST-NMS/decision.json,固定官方IoU扩展减少219FP但误删58TP；舰船损失54TP、车辆损失4TP；停止且不搜索阈值
